{"cameraMode":{"drawMode":0,"name":"Shaded","section":"Shading Mode"},"sceneLighting":true,"audioPlay":false,"sceneViewState":{"showFog":true,"showMaterialUpdate":false,"showSkybox":true,"showFlares":true,"showImageEffects":true,"showParticleSystems":true,"showVisualEffectGraphs":true,"m_FxEnabled":true},"in2DMode":false,"pivot":{"x":-16.979679107666017,"y":181.1739501953125,"z":-555.9010009765625},"rotation":{"x":-0.11367882788181305,"y":0.08527855575084686,"z":-0.009456085972487927,"w":-0.9899290204048157},"size":13.895270347595215,"orthographic":false}