{"cameraMode":{"drawMode":0,"name":"Shaded","section":"Shading Mode"},"sceneLighting":true,"audioPlay":false,"sceneViewState":{"showFog":true,"showMaterialUpdate":false,"showSkybox":true,"showFlares":true,"showImageEffects":true,"showParticleSystems":true,"showVisualEffectGraphs":true,"m_FxEnabled":true},"in2DMode":false,"pivot":{"x":-12.29975700378418,"y":158.02317810058595,"z":-333.6673583984375},"rotation":{"x":0.024605074897408487,"y":0.02684899792075157,"z":-0.00022134823666419834,"w":0.9990025758743286},"size":71.2794189453125,"orthographic":false}