{"cameraMode":{"drawMode":0,"name":"Shaded","section":"Shading Mode"},"sceneLighting":true,"audioPlay":false,"sceneViewState":{"showFog":true,"showMaterialUpdate":false,"showSkybox":true,"showFlares":true,"showImageEffects":true,"showParticleSystems":true,"showVisualEffectGraphs":true,"m_FxEnabled":true},"in2DMode":false,"pivot":{"x":20.661174774169923,"y":53.81880187988281,"z":-113.89624786376953},"rotation":{"x":-0.05808020383119583,"y":0.05949712544679642,"z":0.0032283663749694826,"w":0.9966740012168884},"size":29.98541259765625,"orthographic":false}