{"cameraMode":{"drawMode":0,"name":"Shaded","section":"Shading Mode"},"sceneLighting":true,"audioPlay":false,"sceneViewState":{"showFog":true,"showMaterialUpdate":false,"showSkybox":true,"showFlares":true,"showImageEffects":true,"showParticleSystems":true,"showVisualEffectGraphs":true,"m_FxEnabled":true},"in2DMode":false,"pivot":{"x":-21.52403450012207,"y":1.3797855377197266,"z":-12.227643013000489},"rotation":{"x":0.011429550126194954,"y":-0.7221195101737976,"z":0.011912480928003788,"w":0.6915881037712097},"size":19.36832046508789,"orthographic":false}