{"cameraMode":{"drawMode":0,"name":"Shaded","section":"Shading Mode"},"sceneLighting":false,"audioPlay":false,"sceneViewState":{"showFog":true,"showMaterialUpdate":false,"showSkybox":true,"showFlares":true,"showImageEffects":true,"showParticleSystems":true,"showVisualEffectGraphs":true,"m_FxEnabled":true},"in2DMode":false,"pivot":{"x":-10.104371070861817,"y":170.93276977539063,"z":-206.58804321289063},"rotation":{"x":0.04705791920423508,"y":0.04785480722784996,"z":-0.024812564253807069,"w":0.995597779750824},"size":41.37207794189453,"orthographic":false}