{"cameraMode":{"drawMode":0,"name":"Shaded","section":"Shading Mode"},"sceneLighting":true,"audioPlay":false,"sceneViewState":{"showFog":true,"showMaterialUpdate":false,"showSkybox":true,"showFlares":true,"showImageEffects":true,"showParticleSystems":true,"showVisualEffectGraphs":true,"m_FxEnabled":true},"in2DMode":false,"pivot":{"x":37.01124572753906,"y":95.6418685913086,"z":-229.76077270507813},"rotation":{"x":0.06484904140233994,"y":0.23775050044059754,"z":-0.024969564750790597,"w":0.9681844115257263},"size":17.743080139160158,"orthographic":false}