{"cameraMode":{"drawMode":0,"name":"Shaded","section":"Shading Mode"},"sceneLighting":true,"audioPlay":false,"sceneViewState":{"showFog":true,"showMaterialUpdate":false,"showSkybox":true,"showFlares":true,"showImageEffects":true,"showParticleSystems":true,"showVisualEffectGraphs":true,"m_FxEnabled":true},"in2DMode":false,"pivot":{"x":32.1303596496582,"y":68.34740447998047,"z":97.26422119140625},"rotation":{"x":-0.05808020383119583,"y":0.05949712544679642,"z":0.0032283663749694826,"w":0.9966740012168884},"size":56.566566467285159,"orthographic":false}