{"cameraMode":{"drawMode":0,"name":"Shaded","section":"Shading Mode"},"sceneLighting":true,"audioPlay":false,"sceneViewState":{"showFog":true,"showMaterialUpdate":false,"showSkybox":true,"showFlares":true,"showImageEffects":true,"showParticleSystems":true,"showVisualEffectGraphs":true,"m_FxEnabled":true},"in2DMode":false,"pivot":{"x":55.00148391723633,"y":0.4526786804199219,"z":-130.36207580566407},"rotation":{"x":0.32786303758621218,"y":-0.3280949294567108,"z":0.12258481979370117,"w":0.8773764371871948},"size":37.783233642578128,"orthographic":false}