{"cameraMode":{"drawMode":0,"name":"Shaded","section":"Shading Mode"},"sceneLighting":true,"audioPlay":false,"sceneViewState":{"showFog":true,"showMaterialUpdate":false,"showSkybox":true,"showFlares":true,"showImageEffects":true,"showParticleSystems":true,"showVisualEffectGraphs":true,"m_FxEnabled":true},"in2DMode":false,"pivot":{"x":17.173551559448243,"y":-11.178975105285645,"z":30.52356719970703},"rotation":{"x":-0.3426723778247833,"y":0.016062645241618158,"z":-0.005858226213604212,"w":-0.9393119812011719},"size":29.26561164855957,"orthographic":false}