{"cameraMode":{"drawMode":0,"name":"Shaded","section":"Shading Mode"},"sceneLighting":true,"audioPlay":false,"sceneViewState":{"showFog":true,"showMaterialUpdate":false,"showSkybox":true,"showFlares":true,"showImageEffects":true,"showParticleSystems":true,"showVisualEffectGraphs":true,"m_FxEnabled":true},"in2DMode":false,"pivot":{"x":415.25811767578127,"y":286.4598388671875,"z":-304.99853515625},"rotation":{"x":0.015605698339641095,"y":-0.004087819252163172,"z":-0.0008602629532106221,"w":0.9993062019348145},"size":305.3551330566406,"orthographic":false}