{"cameraMode":{"drawMode":0,"name":"Shaded","section":"Shading Mode"},"sceneLighting":true,"audioPlay":false,"sceneViewState":{"showFog":true,"showMaterialUpdate":false,"showSkybox":true,"showFlares":true,"showImageEffects":true,"showParticleSystems":true,"showVisualEffectGraphs":true,"m_FxEnabled":true},"in2DMode":false,"pivot":{"x":16.134809494018556,"y":180.0655975341797,"z":-139.01898193359376},"rotation":{"x":0.20597514510154725,"y":0.0016084207454696298,"z":-0.0017310648690909148,"w":0.9778243899345398},"size":11.932350158691407,"orthographic":false}