{"cameraMode":{"drawMode":0,"name":"Shaded","section":"Shading Mode"},"sceneLighting":true,"audioPlay":false,"sceneViewState":{"showFog":true,"showMaterialUpdate":false,"showSkybox":true,"showFlares":true,"showImageEffects":true,"showParticleSystems":true,"showVisualEffectGraphs":true,"m_FxEnabled":true},"in2DMode":false,"pivot":{"x":24.886825561523439,"y":39.286956787109378,"z":-173.12063598632813},"rotation":{"x":0.1645967960357666,"y":-0.23736219108104707,"z":0.040820639580488208,"w":0.9564741253852844},"size":31.521888732910158,"orthographic":false}