{"cameraMode":{"drawMode":0,"name":"Shaded","section":"Shading Mode"},"sceneLighting":true,"audioPlay":false,"sceneViewState":{"showFog":true,"showMaterialUpdate":false,"showSkybox":true,"showFlares":true,"showImageEffects":true,"showParticleSystems":true,"showVisualEffectGraphs":true,"m_FxEnabled":true},"in2DMode":false,"pivot":{"x":735.5902099609375,"y":186.43777465820313,"z":163.56890869140626},"rotation":{"x":0.06872294843196869,"y":0.02172636240720749,"z":-0.010368714109063149,"w":0.9967101216316223},"size":430.00811767578127,"orthographic":false}