{"cameraMode":{"drawMode":0,"name":"Shaded","section":"Shading Mode"},"sceneLighting":true,"audioPlay":false,"sceneViewState":{"showFog":true,"showMaterialUpdate":false,"showSkybox":true,"showFlares":true,"showImageEffects":true,"showParticleSystems":true,"showVisualEffectGraphs":true,"m_FxEnabled":true},"in2DMode":false,"pivot":{"x":103.84185028076172,"y":-135.7008819580078,"z":230.62176513671876},"rotation":{"x":-0.1984490305185318,"y":-0.024834631010890008,"z":0.0052671898156404499,"w":-0.979973316192627},"size":220.63848876953126,"orthographic":false}