{"cameraMode":{"drawMode":0,"name":"Shaded","section":"Shading Mode"},"sceneLighting":false,"audioPlay":false,"sceneViewState":{"showFog":true,"showMaterialUpdate":false,"showSkybox":false,"showFlares":true,"showImageEffects":true,"showParticleSystems":true,"showVisualEffectGraphs":true,"m_FxEnabled":true},"in2DMode":false,"pivot":{"x":63.209144592285159,"y":143.0697021484375,"z":-310.4307861328125},"rotation":{"x":0.0017883195541799069,"y":0.9342544078826904,"z":-0.3555167317390442,"w":0.005261512938886881},"size":68.79501342773438,"orthographic":false}