{"cameraMode":{"drawMode":0,"name":"Shaded","section":"Shading Mode"},"sceneLighting":false,"audioPlay":false,"sceneViewState":{"showFog":true,"showMaterialUpdate":false,"showSkybox":false,"showFlares":true,"showImageEffects":true,"showParticleSystems":true,"showVisualEffectGraphs":true,"m_FxEnabled":true},"in2DMode":false,"pivot":{"x":-0.11903953552246094,"y":4.812957763671875,"z":-0.4200305938720703},"rotation":{"x":-0.4014900326728821,"y":0.037638112902641299,"z":0.009377289563417435,"w":-0.9140258431434631},"size":44.27814483642578,"orthographic":false}