{"cameraMode":{"drawMode":0,"name":"Shaded","section":"Shading Mode"},"sceneLighting":false,"audioPlay":false,"sceneViewState":{"showFog":true,"showMaterialUpdate":false,"showSkybox":false,"showFlares":true,"showImageEffects":true,"showParticleSystems":true,"showVisualEffectGraphs":true,"m_FxEnabled":true},"in2DMode":false,"pivot":{"x":381.3375549316406,"y":226.18663024902345,"z":-0.014373779296875},"rotation":{"x":0.01980266347527504,"y":0.010975569486618042,"z":-0.00046647191629745066,"w":0.9998767375946045},"size":267.9086608886719,"orthographic":false}